id,name,value
1,entry_1,779
2,entry_2,8735
3,entry_3,26888
4,entry_4,20553
5,entry_5,924
6,entry_6,12113
7,entry_7,12996
8,entry_8,18552
9,entry_9,2213
10,entry_10,17292
11,entry_11,17798
12,entry_12,31581
13,entry_13,31748
14,entry_14,19622
15,entry_15,26854
16,entry_16,13439
17,entry_17,17848
18,entry_18,5603
19,entry_19,4510
20,entry_20,17756
21,entry_21,18018
22,entry_22,5487
23,entry_23,27986
24,entry_24,17475
25,entry_25,25624
26,entry_26,30855
27,entry_27,23235
28,entry_28,8369
29,entry_29,16369
30,entry_30,2928
31,entry_31,15403
32,entry_32,18399
33,entry_33,23356
34,entry_34,16978
35,entry_35,4376
36,entry_36,23157
37,entry_37,21031
38,entry_38,30709
39,entry_39,15959
40,entry_40,4833
41,entry_41,17535
42,entry_42,2644
43,entry_43,27545
44,entry_44,10751
45,entry_45,28662
46,entry_46,17036
47,entry_47,9481
48,entry_48,30221
49,entry_49,25373
50,entry_50,26540
51,entry_51,4978
52,entry_52,7093
53,entry_53,7211
54,entry_54,26855
55,entry_55,8429
56,entry_56,3315
57,entry_57,27044
58,entry_58,6960
59,entry_59,23323
60,entry_60,28937
61,entry_61,1647
62,entry_62,925
63,entry_63,25662
64,entry_64,4598
65,entry_65,8833
66,entry_66,15037
67,entry_67,25294
68,entry_68,10616
69,entry_69,5889
70,entry_70,19126
71,entry_71,21868
72,entry_72,3829
73,entry_73,23433
74,entry_74,22538
75,entry_75,28294
76,entry_76,28938
77,entry_77,25746
78,entry_78,17810
79,entry_79,11173
80,entry_80,27285
81,entry_81,4132
82,entry_82,21634
83,entry_83,23715
84,entry_84,21358
85,entry_85,1793
86,entry_86,3167
87,entry_87,2234
88,entry_88,3099
89,entry_89,273
90,entry_90,29882
91,entry_91,26500
92,entry_92,6635
93,entry_93,31031
94,entry_94,23334
95,entry_95,24548
96,entry_96,30736
97,entry_97,16659
98,entry_98,8864
99,entry_99,5545
100,entry_100,23242
101,entry_101,24113
102,entry_102,11184
103,entry_103,31096
104,entry_104,5734
105,entry_105,24998
106,entry_106,814
107,entry_107,6986
108,entry_108,28777
109,entry_109,4627
110,entry_110,1824
111,entry_111,20870
112,entry_112,19540
113,entry_113,25119
114,entry_114,20083
115,entry_115,7822
116,entry_116,2077
117,entry_117,5016
118,entry_118,29297
119,entry_119,18186
120,entry_120,27061
121,entry_121,26977
122,entry_122,12035
123,entry_123,19718
124,entry_124,16474
125,entry_125,27809
126,entry_126,28569
127,entry_127,1801
128,entry_128,22105
129,entry_129,13876
130,entry_130,4503
131,entry_131,28602
132,entry_132,16734
133,entry_133,10130
134,entry_134,703
135,entry_135,22173
136,entry_136,28350
137,entry_137,21457
138,entry_138,11070
139,entry_139,20365
140,entry_140,4017
141,entry_141,21777
142,entry_142,14391
143,entry_143,27444
144,entry_144,19331
145,entry_145,30246
146,entry_146,1595
147,entry_147,23635
148,entry_148,19469
149,entry_149,26815
150,entry_150,24197
151,entry_151,1636
152,entry_152,1988
153,entry_153,16089
154,entry_154,23555
155,entry_155,7766
156,entry_156,21407
157,entry_157,10065
158,entry_158,8453
159,entry_159,25229
160,entry_160,27581
161,entry_161,28527
162,entry_162,20625
163,entry_163,25758
164,entry_164,3473
165,entry_165,23075
166,entry_166,7318
167,entry_167,11333
168,entry_168,26343
169,entry_169,12766
170,entry_170,31353
171,entry_171,25120
172,entry_172,12847
173,entry_173,11112
174,entry_174,6502
175,entry_175,31612
176,entry_176,24124
177,entry_177,19050
178,entry_178,30473
179,entry_179,21915
180,entry_180,18256
181,entry_181,5008
182,entry_182,31108
183,entry_183,649
184,entry_184,23995
185,entry_185,5205
186,entry_186,13068
187,entry_187,10131
188,entry_188,12722
189,entry_189,30528
190,entry_190,21028
191,entry_191,29870
192,entry_192,17530
193,entry_193,13519
194,entry_194,31314
195,entry_195,10418
196,entry_196,22692
197,entry_197,8071
198,entry_198,31908
199,entry_199,1601
200,entry_200,28949
201,entry_201,20482
202,entry_202,22630
203,entry_203,21903
204,entry_204,5139
205,entry_205,30441
206,entry_206,12847
207,entry_207,17065
208,entry_208,30126
209,entry_209,18902
210,entry_210,8192
211,entry_211,4244
212,entry_212,16959
213,entry_213,7517
214,entry_214,7146
215,entry_215,28982
216,entry_216,2092
217,entry_217,26224
218,entry_218,17922
219,entry_219,18826
220,entry_220,1880
221,entry_221,21261
222,entry_222,22215
223,entry_223,16724
224,entry_224,15650
225,entry_225,16924
226,entry_226,19325
227,entry_227,9054
228,entry_228,644
229,entry_229,14923
230,entry_230,10129
231,entry_231,23451
232,entry_232,11818
233,entry_233,19172
234,entry_234,11864
235,entry_235,999
236,entry_236,22775
237,entry_237,17928
238,entry_238,27255
239,entry_239,9488
240,entry_240,6489
241,entry_241,225
242,entry_242,6005
243,entry_243,2889
244,entry_244,421
245,entry_245,9233
246,entry_246,48
247,entry_247,20534
248,entry_248,15199
249,entry_249,25250
250,entry_250,20195
251,entry_251,29146
252,entry_252,31426
253,entry_253,30558
254,entry_254,27342
255,entry_255,20025
256,entry_256,22515
257,entry_257,21120
258,entry_258,14223
259,entry_259,23334
260,entry_260,4194
261,entry_261,11274
262,entry_262,31959
263,entry_263,6902
264,entry_264,1989
265,entry_265,17601
266,entry_266,26621
267,entry_267,20534
268,entry_268,12521
269,entry_269,30421
270,entry_270,7257
271,entry_271,10213
272,entry_272,31954
273,entry_273,25996
274,entry_274,10887
275,entry_275,22230
276,entry_276,1655
277,entry_277,6053
278,entry_278,26585
279,entry_279,32695
280,entry_280,8086
281,entry_281,1205
282,entry_282,20260
283,entry_283,22053
284,entry_284,6234
285,entry_285,14898
286,entry_286,12411
287,entry_287,24022
288,entry_288,11334
289,entry_289,26903
290,entry_290,12915
291,entry_291,10531
292,entry_292,16000
293,entry_293,2754
294,entry_294,9324
295,entry_295,15313
296,entry_296,12523
297,entry_297,10969
298,entry_298,14242
299,entry_299,12933
300,entry_300,25444
301,entry_301,19235
302,entry_302,17919
303,entry_303,18343
304,entry_304,5532
305,entry_305,12094
306,entry_306,23462
307,entry_307,10004
308,entry_308,31098
309,entry_309,23198
310,entry_310,20165
311,entry_311,20681
312,entry_312,2352
313,entry_313,28015
314,entry_314,6132
315,entry_315,27910
316,entry_316,22567
317,entry_317,6966
318,entry_318,26982
319,entry_319,21712
320,entry_320,28346
321,entry_321,5270
322,entry_322,5019
323,entry_323,2578
324,entry_324,12706
325,entry_325,19051
326,entry_326,11899
327,entry_327,12035
328,entry_328,5731
329,entry_329,722
330,entry_330,28454
331,entry_331,9146
332,entry_332,12924
333,entry_333,25417
334,entry_334,21520
335,entry_335,28874
336,entry_336,14407
337,entry_337,20405
338,entry_338,29957
339,entry_339,11549
340,entry_340,8835
341,entry_341,23121
342,entry_342,23690
343,entry_343,16350
344,entry_344,10847
345,entry_345,30974
346,entry_346,10226
347,entry_347,28830
348,entry_348,1455
349,entry_349,19169
350,entry_350,27748
351,entry_351,24804
352,entry_352,5752
353,entry_353,10493
354,entry_354,26919
355,entry_355,24390
356,entry_356,30032
357,entry_357,4725
358,entry_358,24026
359,entry_359,22287
360,entry_360,2095
361,entry_361,27787
362,entry_362,30986
363,entry_363,30861
364,entry_364,18023
365,entry_365,29312
366,entry_366,30144
367,entry_367,7947
368,entry_368,6413
369,entry_369,11719
370,entry_370,26276
371,entry_371,9822
372,entry_372,19574
373,entry_373,15883
374,entry_374,3073
375,entry_375,24673
376,entry_376,31959
377,entry_377,10453
378,entry_378,198
379,entry_379,24527
380,entry_380,16893
381,entry_381,29085
382,entry_382,12746
383,entry_383,25082
384,entry_384,9627
385,entry_385,27553
386,entry_386,15016
387,entry_387,17067
388,entry_388,32569
389,entry_389,13162
390,entry_390,4852
391,entry_391,18749
392,entry_392,119
393,entry_393,27956
394,entry_394,2498
395,entry_395,4731
396,entry_396,2219
397,entry_397,10013
398,entry_398,19815
399,entry_399,16397
400,entry_400,28310
401,entry_401,9233
402,entry_402,16647
403,entry_403,16112
404,entry_404,17210
405,entry_405,32040
406,entry_406,15079
407,entry_407,20028
408,entry_408,28039
409,entry_409,23632
410,entry_410,6168
411,entry_411,7097
412,entry_412,14139
413,entry_413,30880
414,entry_414,216
415,entry_415,24576
416,entry_416,14148
417,entry_417,8427
418,entry_418,22537
419,entry_419,32333
420,entry_420,30508
421,entry_421,14230
422,entry_422,24786
423,entry_423,28017
424,entry_424,16387
425,entry_425,5460
426,entry_426,28077
427,entry_427,15598
428,entry_428,32035
429,entry_429,6077
430,entry_430,27274
431,entry_431,15620
432,entry_432,4524
433,entry_433,24568
434,entry_434,7795
435,entry_435,29569
436,entry_436,11824
437,entry_437,2654
438,entry_438,5082
439,entry_439,19874
440,entry_440,29204
441,entry_441,10342
442,entry_442,32075
443,entry_443,12374
444,entry_444,30543
445,entry_445,20607
446,entry_446,30278
447,entry_447,6333
448,entry_448,32612
449,entry_449,29454
450,entry_450,3301
451,entry_451,15279
452,entry_452,16694
453,entry_453,17278
454,entry_454,4633
455,entry_455,28613
456,entry_456,11286
457,entry_457,21469
458,entry_458,22845
459,entry_459,7783
460,entry_460,29883
461,entry_461,11014
462,entry_462,2112
463,entry_463,22799
464,entry_464,3565
465,entry_465,25656
466,entry_466,22021
467,entry_467,26364
468,entry_468,14765
469,entry_469,20524
470,entry_470,11479
471,entry_471,22794
472,entry_472,20398
473,entry_473,4205
474,entry_474,583
475,entry_475,8649
476,entry_476,30735
477,entry_477,13228
478,entry_478,18638
479,entry_479,7737
480,entry_480,26029
481,entry_481,17994
482,entry_482,15907
483,entry_483,20855
484,entry_484,25574
485,entry_485,25159
486,entry_486,4284
487,entry_487,5350
488,entry_488,4477
489,entry_489,3669
490,entry_490,13864
491,entry_491,29637
492,entry_492,18955
493,entry_493,27079
494,entry_494,4142
495,entry_495,2822
496,entry_496,20671
497,entry_497,4126
498,entry_498,17139
499,entry_499,20466
500,entry_500,17290
501,entry_501,16934
502,entry_502,12838
503,entry_503,19689
504,entry_504,5156
505,entry_505,16026
506,entry_506,11804
507,entry_507,5622
508,entry_508,18202
509,entry_509,26314
510,entry_510,5034
511,entry_511,24180
512,entry_512,27322
513,entry_513,11937
514,entry_514,19089
515,entry_515,28093
516,entry_516,27467
517,entry_517,21180
518,entry_518,4831
519,entry_519,17260
520,entry_520,25523
521,entry_521,4419
522,entry_522,4434
523,entry_523,15094
524,entry_524,2537
525,entry_525,13517
526,entry_526,30919
527,entry_527,2046
528,entry_528,4939
529,entry_529,10195
530,entry_530,23463
531,entry_531,11797
532,entry_532,23408
533,entry_533,6236
534,entry_534,4134
535,entry_535,9959
536,entry_536,19436
537,entry_537,5203
538,entry_538,22603
539,entry_539,30449
540,entry_540,14871
541,entry_541,18032
542,entry_542,26982
543,entry_543,18730
544,entry_544,3888
545,entry_545,9872
546,entry_546,5595
547,entry_547,26082
548,entry_548,12703
549,entry_549,4907
550,entry_550,2504
551,entry_551,9258
552,entry_552,32560
553,entry_553,20484
554,entry_554,7153
555,entry_555,11411
556,entry_556,14352
557,entry_557,11906
558,entry_558,21485
559,entry_559,23334
560,entry_560,18138
561,entry_561,29035
562,entry_562,14028
563,entry_563,22885
564,entry_564,12987
565,entry_565,17692
566,entry_566,23299
567,entry_567,3399
568,entry_568,15515
569,entry_569,11670
570,entry_570,9762
571,entry_571,20550
572,entry_572,7882
573,entry_573,14773
574,entry_574,13011
575,entry_575,12652
576,entry_576,14176
577,entry_577,4640
578,entry_578,3484
579,entry_579,13581
580,entry_580,1080
581,entry_581,29140
582,entry_582,24886
583,entry_583,20722
584,entry_584,2223
585,entry_585,21790
586,entry_586,32374
587,entry_587,22654
588,entry_588,12511
589,entry_589,13314
590,entry_590,5946
591,entry_591,29090
592,entry_592,27334
593,entry_593,21628
594,entry_594,1480
595,entry_595,11034
596,entry_596,20540
597,entry_597,15560
598,entry_598,30486
599,entry_599,30157
600,entry_600,18950
601,entry_601,16188
602,entry_602,23130
603,entry_603,21684
604,entry_604,5604
605,entry_605,7367
606,entry_606,31075
607,entry_607,11135
608,entry_608,19744
609,entry_609,18175
610,entry_610,5971
611,entry_611,12893
612,entry_612,8288
613,entry_613,21428
614,entry_614,21219
615,entry_615,22532
616,entry_616,5332
617,entry_617,15755
618,entry_618,16296
619,entry_619,28010
620,entry_620,27425
621,entry_621,11248
622,entry_622,6467
623,entry_623,26024
624,entry_624,32439
625,entry_625,6064
626,entry_626,32750
627,entry_627,11861
628,entry_628,13580
629,entry_629,23438
630,entry_630,26119
631,entry_631,32698
632,entry_632,26292
633,entry_633,8420
634,entry_634,28537
635,entry_635,6052
636,entry_636,4774
637,entry_637,6915
638,entry_638,7716
639,entry_639,9523
640,entry_640,8364
641,entry_641,9036
642,entry_642,13114
643,entry_643,2170
644,entry_644,32257
645,entry_645,29382
646,entry_646,31719
647,entry_647,1719
648,entry_648,4154
649,entry_649,18559
650,entry_650,26280
651,entry_651,9173
652,entry_652,16238
653,entry_653,7460
654,entry_654,29075
655,entry_655,1388
656,entry_656,18795
657,entry_657,11851
658,entry_658,22047
659,entry_659,12664
660,entry_660,767
661,entry_661,25874
662,entry_662,23294
663,entry_663,29381
664,entry_664,11431
665,entry_665,22424
666,entry_666,12992
667,entry_667,3242
668,entry_668,12344
669,entry_669,28825
670,entry_670,32013
671,entry_671,27686
672,entry_672,15496
673,entry_673,14986
674,entry_674,8760
675,entry_675,31983
676,entry_676,30709
677,entry_677,14405
678,entry_678,21424
679,entry_679,28818
680,entry_680,15484
681,entry_681,1541
682,entry_682,18918
683,entry_683,6972
684,entry_684,23246
685,entry_685,9315
686,entry_686,21531
687,entry_687,13783
688,entry_688,13604
689,entry_689,74
690,entry_690,4881
691,entry_691,29507
692,entry_692,18705
693,entry_693,22924
694,entry_694,4284
695,entry_695,3345
696,entry_696,20167
697,entry_697,844
698,entry_698,7591
699,entry_699,17409
700,entry_700,31669
701,entry_701,18683
702,entry_702,5743
703,entry_703,28763
704,entry_704,26439
705,entry_705,29053
706,entry_706,31479
707,entry_707,30103
708,entry_708,19670
709,entry_709,3973
710,entry_710,15701
711,entry_711,21963
712,entry_712,26388
713,entry_713,6217
714,entry_714,3188
715,entry_715,30267
716,entry_716,18726
717,entry_717,24144
718,entry_718,12460
719,entry_719,6112
720,entry_720,8668
721,entry_721,3023
722,entry_722,12637
723,entry_723,31591
724,entry_724,18274
725,entry_725,22060
726,entry_726,21804
727,entry_727,9349
728,entry_728,24898
729,entry_729,22205
730,entry_730,4788
731,entry_731,6830
732,entry_732,30945
733,entry_733,23845
734,entry_734,26188
735,entry_735,18236
736,entry_736,1543
737,entry_737,1247
738,entry_738,26845
739,entry_739,28075
740,entry_740,5736
741,entry_741,29959
742,entry_742,13640
743,entry_743,6832
744,entry_744,12442
745,entry_745,24625
746,entry_746,1435
747,entry_747,19435
748,entry_748,12976
749,entry_749,10507
750,entry_750,4733
751,entry_751,6746
752,entry_752,9667
753,entry_753,1571
754,entry_754,12236
755,entry_755,9631
756,entry_756,2036
757,entry_757,14837
758,entry_758,2147
759,entry_759,1199
760,entry_760,21457
761,entry_761,11452
762,entry_762,5416
763,entry_763,4496
764,entry_764,24161
765,entry_765,25623
766,entry_766,15967
767,entry_767,28344
768,entry_768,17926
769,entry_769,249
770,entry_770,7964
771,entry_771,31660
772,entry_772,15350
773,entry_773,9475
774,entry_774,27044
775,entry_775,29169
776,entry_776,10022
777,entry_777,20394
778,entry_778,26715
779,entry_779,10373
780,entry_780,28940
781,entry_781,3805
782,entry_782,714
783,entry_783,27659
784,entry_784,16152
785,entry_785,30880
786,entry_786,4106
787,entry_787,418
788,entry_788,11598
789,entry_789,32589
790,entry_790,22589
791,entry_791,24145
792,entry_792,22295
793,entry_793,27724
794,entry_794,6325
795,entry_795,11691
796,entry_796,4740
797,entry_797,22182
798,entry_798,4386
799,entry_799,17968
800,entry_800,6275
801,entry_801,19399
802,entry_802,22432
803,entry_803,8948
804,entry_804,4109
805,entry_805,4490
806,entry_806,15973
807,entry_807,17280
808,entry_808,15920
809,entry_809,27302
810,entry_810,4445
811,entry_811,9213
812,entry_812,8337
813,entry_813,17821
814,entry_814,18026
815,entry_815,21719
816,entry_816,31284
817,entry_817,1297
818,entry_818,10081
819,entry_819,5139
820,entry_820,15555
821,entry_821,6314
822,entry_822,238
823,entry_823,26180
824,entry_824,8998
825,entry_825,32576
826,entry_826,20304
827,entry_827,5032
828,entry_828,189
829,entry_829,17925
830,entry_830,22795
831,entry_831,24975
832,entry_832,15707
833,entry_833,24061
834,entry_834,26608
835,entry_835,30285
836,entry_836,3910
837,entry_837,7370
838,entry_838,31457
839,entry_839,28468
840,entry_840,24752
841,entry_841,10868
842,entry_842,15377
843,entry_843,18176
844,entry_844,30663
845,entry_845,26193
846,entry_846,16868
847,entry_847,7323
848,entry_848,4631
849,entry_849,17689
850,entry_850,10053
851,entry_851,14968
852,entry_852,16140
853,entry_853,13967
854,entry_854,29491
855,entry_855,17562
856,entry_856,1567
857,entry_857,4616
858,entry_858,20461
859,entry_859,26087
860,entry_860,12899
861,entry_861,24187
862,entry_862,4668
863,entry_863,22057
864,entry_864,12026
865,entry_865,11892
866,entry_866,14616
867,entry_867,17327
868,entry_868,11546
869,entry_869,24446
870,entry_870,25349
871,entry_871,7364
872,entry_872,2075
873,entry_873,20212
874,entry_874,19143
875,entry_875,26119
876,entry_876,1029
877,entry_877,9828
878,entry_878,12091
879,entry_879,31457
880,entry_880,882
881,entry_881,6264
882,entry_882,6586
883,entry_883,12359
884,entry_884,28344
885,entry_885,30713
886,entry_886,21930
887,entry_887,22886
888,entry_888,29042
889,entry_889,4776
890,entry_890,4975
891,entry_891,29079
892,entry_892,26054
893,entry_893,2312
894,entry_894,13214
895,entry_895,25839
896,entry_896,32732
897,entry_897,19446
898,entry_898,16225
899,entry_899,23002
900,entry_900,22642
901,entry_901,19965
902,entry_902,780
903,entry_903,1491
904,entry_904,14949
905,entry_905,8817
906,entry_906,7663
907,entry_907,27565
908,entry_908,26191
909,entry_909,4577
910,entry_910,271
911,entry_911,169
912,entry_912,12782
913,entry_913,31250
914,entry_914,27095
915,entry_915,14842
916,entry_916,8217
917,entry_917,21206
918,entry_918,25831
919,entry_919,22522
920,entry_920,12338
921,entry_921,6458
922,entry_922,1931
923,entry_923,4486
924,entry_924,20603
925,entry_925,28771
926,entry_926,491
927,entry_927,5503
928,entry_928,17682
929,entry_929,8076
930,entry_930,18290
931,entry_931,5652
932,entry_932,32532
933,entry_933,31786
934,entry_934,5527
935,entry_935,31647
936,entry_936,17756
937,entry_937,2084
938,entry_938,8299
939,entry_939,32406
940,entry_940,31550
941,entry_941,17512
942,entry_942,7345
943,entry_943,27912
944,entry_944,17051
945,entry_945,14534
946,entry_946,10085
947,entry_947,27417
948,entry_948,5876
949,entry_949,27641
950,entry_950,3884
951,entry_951,10607
952,entry_952,3277
953,entry_953,8172
954,entry_954,32517
955,entry_955,3107
956,entry_956,6441
957,entry_957,32609
958,entry_958,21142
959,entry_959,8260
960,entry_960,10768
961,entry_961,18099
962,entry_962,27288
963,entry_963,30887
964,entry_964,23931
965,entry_965,23911
966,entry_966,4637
967,entry_967,7112
968,entry_968,954
969,entry_969,30986
970,entry_970,24529
971,entry_971,4639
972,entry_972,5055
973,entry_973,15423
974,entry_974,29850
975,entry_975,8541
976,entry_976,4887
977,entry_977,30448
978,entry_978,16800
979,entry_979,810
980,entry_980,10612
981,entry_981,3553
982,entry_982,30610
983,entry_983,28826
984,entry_984,11961
985,entry_985,15799
986,entry_986,16662
987,entry_987,23040
988,entry_988,24581
989,entry_989,22107
990,entry_990,19795
991,entry_991,21233
992,entry_992,24503
993,entry_993,16606
994,entry_994,32019
995,entry_995,1475
996,entry_996,421
997,entry_997,12666
998,entry_998,32684
999,entry_999,15636
1000,entry_1000,6627
1001,entry_1001,5483
1002,entry_1002,15037
1003,entry_1003,15984
1004,entry_1004,12530
1005,entry_1005,9679
1006,entry_1006,22603
1007,entry_1007,2945
1008,entry_1008,6998
1009,entry_1009,19157
1010,entry_1010,17775
1011,entry_1011,1202
1012,entry_1012,15616
1013,entry_1013,10879
1014,entry_1014,5154
1015,entry_1015,7310
1016,entry_1016,2775
1017,entry_1017,14102
1018,entry_1018,10259
1019,entry_1019,32196
1020,entry_1020,12529
1021,entry_1021,27708
1022,entry_1022,10377
1023,entry_1023,1989
1024,entry_1024,5698
1025,entry_1025,25663
1026,entry_1026,25843
1027,entry_1027,13946
1028,entry_1028,22972
1029,entry_1029,1617
1030,entry_1030,7651
1031,entry_1031,7480
1032,entry_1032,1286
1033,entry_1033,25287
1034,entry_1034,6634
1035,entry_1035,26195
1036,entry_1036,1759
1037,entry_1037,4530
1038,entry_1038,13795
1039,entry_1039,18020
1040,entry_1040,5685
1041,entry_1041,22489
1042,entry_1042,22507
1043,entry_1043,19608
1044,entry_1044,28129
1045,entry_1045,16525
1046,entry_1046,31781
1047,entry_1047,22365
1048,entry_1048,15920
1049,entry_1049,32343
1050,entry_1050,30764
1051,entry_1051,5721
1052,entry_1052,5391
1053,entry_1053,8491
1054,entry_1054,27527
1055,entry_1055,30966
1056,entry_1056,20013
1057,entry_1057,1325
1058,entry_1058,13344
1059,entry_1059,24120
1060,entry_1060,17639
1061,entry_1061,3557
1062,entry_1062,27865
1063,entry_1063,9692
1064,entry_1064,17712
1065,entry_1065,23839
1066,entry_1066,5836
1067,entry_1067,16470
1068,entry_1068,30433
1069,entry_1069,23994
1070,entry_1070,14166
1071,entry_1071,12678
1072,entry_1072,3404
1073,entry_1073,16368
1074,entry_1074,28485
1075,entry_1075,9252
1076,entry_1076,30489
1077,entry_1077,12665
1078,entry_1078,6501
1079,entry_1079,1573
1080,entry_1080,21860
1081,entry_1081,19284
1082,entry_1082,22038
1083,entry_1083,3583
1084,entry_1084,7795
1085,entry_1085,6552
1086,entry_1086,21197
1087,entry_1087,20537
1088,entry_1088,13807
1089,entry_1089,28042
1090,entry_1090,28335
1091,entry_1091,32184
1092,entry_1092,13249
1093,entry_1093,22232
1094,entry_1094,4419
1095,entry_1095,20334
1096,entry_1096,26027
1097,entry_1097,145
1098,entry_1098,19873
1099,entry_1099,9327
1100,entry_1100,18051
1101,entry_1101,20037
1102,entry_1102,13915
1103,entry_1103,3479
1104,entry_1104,32529
1105,entry_1105,11293
1106,entry_1106,22231
1107,entry_1107,16430
1108,entry_1108,5283
1109,entry_1109,6365
1110,entry_1110,5609
1111,entry_1111,30268
1112,entry_1112,14473
1113,entry_1113,15045
1114,entry_1114,8012
1115,entry_1115,24485
1116,entry_1116,16690
1117,entry_1117,16528
1118,entry_1118,10236
1119,entry_1119,28131
1120,entry_1120,2471
1121,entry_1121,10038
1122,entry_1122,21256
1123,entry_1123,8754
1124,entry_1124,15488
1125,entry_1125,8267
1126,entry_1126,13691
1127,entry_1127,14800
1128,entry_1128,14086
1129,entry_1129,17209
1130,entry_1130,22765
1131,entry_1131,11899
1132,entry_1132,32493
1133,entry_1133,8482
1134,entry_1134,18347
1135,entry_1135,7529
1136,entry_1136,4552
1137,entry_1137,20391
1138,entry_1138,18847
1139,entry_1139,12606
1140,entry_1140,29326
1141,entry_1141,15359
1142,entry_1142,5480
1143,entry_1143,11214
1144,entry_1144,21975
1145,entry_1145,3598
1146,entry_1146,1805
1147,entry_1147,17453
1148,entry_1148,3118
1149,entry_1149,9614
1150,entry_1150,28507
1151,entry_1151,460
1152,entry_1152,30450
1153,entry_1153,4177
1154,entry_1154,18775
1155,entry_1155,19076
1156,entry_1156,8096
1157,entry_1157,14125
1158,entry_1158,24492
1159,entry_1159,24678
1160,entry_1160,29038
1161,entry_1161,3546
1162,entry_1162,18317
1163,entry_1163,32505
1164,entry_1164,10745
1165,entry_1165,30631
1166,entry_1166,24251
1167,entry_1167,2256
1168,entry_1168,8778
1169,entry_1169,20251
1170,entry_1170,9566
1171,entry_1171,10709
1172,entry_1172,28772
1173,entry_1173,20592
1174,entry_1174,9930
1175,entry_1175,20820
1176,entry_1176,32081
1177,entry_1177,30820
1178,entry_1178,22343
1179,entry_1179,23184
1180,entry_1180,22042
1181,entry_1181,2389
1182,entry_1182,14312
1183,entry_1183,20148
1184,entry_1184,9779
1185,entry_1185,29623
1186,entry_1186,4227
1187,entry_1187,8655
1188,entry_1188,16402
1189,entry_1189,31571
1190,entry_1190,4477
1191,entry_1191,26426
1192,entry_1192,7097
1193,entry_1193,9325
1194,entry_1194,13155
1195,entry_1195,31231
1196,entry_1196,23461
1197,entry_1197,15229
1198,entry_1198,23782
1199,entry_1199,30796
1200,entry_1200,5221
1201,entry_1201,3934
1202,entry_1202,19869
1203,entry_1203,25848
1204,entry_1204,3468
1205,entry_1205,17908
1206,entry_1206,6797
1207,entry_1207,13246
1208,entry_1208,30166
1209,entry_1209,12564
1210,entry_1210,27801
1211,entry_1211,5506
1212,entry_1212,31245
1213,entry_1213,13630
1214,entry_1214,16377
1215,entry_1215,9207
1216,entry_1216,12231
1217,entry_1217,16752
1218,entry_1218,13243
1219,entry_1219,3547
1220,entry_1220,20040
1221,entry_1221,16546
1222,entry_1222,14764
1223,entry_1223,4278
1224,entry_1224,25595
1225,entry_1225,21587
1226,entry_1226,16652
1227,entry_1227,20638
1228,entry_1228,5757
1229,entry_1229,8056
1230,entry_1230,5423
1231,entry_1231,11787
1232,entry_1232,10773
1233,entry_1233,15707
1234,entry_1234,22801
1235,entry_1235,105
1236,entry_1236,1855
1237,entry_1237,32644
1238,entry_1238,633
1239,entry_1239,29530
1240,entry_1240,4077
1241,entry_1241,17587
1242,entry_1242,23441
1243,entry_1243,25131
1244,entry_1244,7862
1245,entry_1245,1885
1246,entry_1246,8459
1247,entry_1247,21711
1248,entry_1248,6865
1249,entry_1249,23526
1250,entry_1250,15548
1251,entry_1251,22653
1252,entry_1252,14472
1253,entry_1253,4801
1254,entry_1254,22985
1255,entry_1255,14280
1256,entry_1256,27237
1257,entry_1257,28337
1258,entry_1258,12454
1259,entry_1259,26092
1260,entry_1260,31064
1261,entry_1261,30631
1262,entry_1262,6311
1263,entry_1263,18242
1264,entry_1264,19613
1265,entry_1265,16000
1266,entry_1266,23006
1267,entry_1267,31001
1268,entry_1268,196
1269,entry_1269,15980
1270,entry_1270,924
1271,entry_1271,15817
1272,entry_1272,19609
1273,entry_1273,7574
1274,entry_1274,23966
1275,entry_1275,23200
1276,entry_1276,15890
1277,entry_1277,815
1278,entry_1278,32465
1279,entry_1279,31587
1280,entry_1280,12902
1281,entry_1281,5802
1282,entry_1282,30341
1283,entry_1283,5761
1284,entry_1284,7493
1285,entry_1285,23762
1286,entry_1286,5151
1287,entry_1287,15857
1288,entry_1288,646
1289,entry_1289,15451
1290,entry_1290,23936
1291,entry_1291,26209
1292,entry_1292,17893
1293,entry_1293,16802
1294,entry_1294,3603
1295,entry_1295,9957
1296,entry_1296,28145
1297,entry_1297,15652
1298,entry_1298,28387
1299,entry_1299,29124
1300,entry_1300,18415
1301,entry_1301,19518
1302,entry_1302,7562
1303,entry_1303,17236
1304,entry_1304,15948
1305,entry_1305,5447
1306,entry_1306,21847
1307,entry_1307,27727
1308,entry_1308,10022
1309,entry_1309,5542
1310,entry_1310,8471
1311,entry_1311,30937
1312,entry_1312,32334
1313,entry_1313,27670
1314,entry_1314,4260
1315,entry_1315,12199
1316,entry_1316,25709
1317,entry_1317,22697
1318,entry_1318,16130
1319,entry_1319,179
1320,entry_1320,6793
1321,entry_1321,31783
1322,entry_1322,10736
1323,entry_1323,8789
1324,entry_1324,29083
1325,entry_1325,17349
1326,entry_1326,6406
1327,entry_1327,1345
1328,entry_1328,4111
1329,entry_1329,11782
1330,entry_1330,10669
1331,entry_1331,22583
1332,entry_1332,22434
1333,entry_1333,30337
1334,entry_1334,29035
1335,entry_1335,5572
1336,entry_1336,25805
1337,entry_1337,8876
1338,entry_1338,12452
1339,entry_1339,20306
1340,entry_1340,28748
1341,entry_1341,5781
1342,entry_1342,16831
1343,entry_1343,11306
1344,entry_1344,6350
1345,entry_1345,3453
1346,entry_1346,12384
1347,entry_1347,27981
1348,entry_1348,20406
1349,entry_1349,21371
1350,entry_1350,16323
1351,entry_1351,19988
1352,entry_1352,20969
1353,entry_1353,12857
1354,entry_1354,7597
1355,entry_1355,30465
1356,entry_1356,15240
1357,entry_1357,12308
1358,entry_1358,22609
1359,entry_1359,15914
1360,entry_1360,32551
1361,entry_1361,29595
1362,entry_1362,23540
1363,entry_1363,12150
1364,entry_1364,532
1365,entry_1365,3329
1366,entry_1366,11198
1367,entry_1367,4315
1368,entry_1368,13984
1369,entry_1369,11046
1370,entry_1370,19406
1371,entry_1371,29135
1372,entry_1372,24237
1373,entry_1373,15280
1374,entry_1374,24185
1375,entry_1375,4310
1376,entry_1376,29419
1377,entry_1377,16675
1378,entry_1378,17470
1379,entry_1379,19455
1380,entry_1380,25532
1381,entry_1381,10311
1382,entry_1382,18786
1383,entry_1383,12186
1384,entry_1384,691
1385,entry_1385,25881
1386,entry_1386,20728
1387,entry_1387,18821
1388,entry_1388,3581
1389,entry_1389,4154
1390,entry_1390,3848
1391,entry_1391,27064
1392,entry_1392,19800
1393,entry_1393,30490
1394,entry_1394,10351
1395,entry_1395,7656
1396,entry_1396,17636
1397,entry_1397,4003
1398,entry_1398,31927
1399,entry_1399,10116
1400,entry_1400,11389
1401,entry_1401,19532
1402,entry_1402,3119
1403,entry_1403,15761
1404,entry_1404,11640
1405,entry_1405,20478
1406,entry_1406,383
1407,entry_1407,26982
1408,entry_1408,3629
1409,entry_1409,8335
1410,entry_1410,19389
1411,entry_1411,14981
1412,entry_1412,1886
1413,entry_1413,12185
1414,entry_1414,9043
1415,entry_1415,28106
1416,entry_1416,12155
1417,entry_1417,15600
1418,entry_1418,29429
1419,entry_1419,30664
1420,entry_1420,12155
1421,entry_1421,16226
1422,entry_1422,2326
1423,entry_1423,4744
1424,entry_1424,5230
1425,entry_1425,32697
1426,entry_1426,22328
1427,entry_1427,11724
1428,entry_1428,32727
1429,entry_1429,13989
1430,entry_1430,2749
1431,entry_1431,18780
1432,entry_1432,16821
1433,entry_1433,17912
1434,entry_1434,28011
1435,entry_1435,10636
1436,entry_1436,16046
1437,entry_1437,17200
1438,entry_1438,4308
1439,entry_1439,12606
1440,entry_1440,22327
1441,entry_1441,554
1442,entry_1442,6788
1443,entry_1443,27601
1444,entry_1444,27113
1445,entry_1445,31931
1446,entry_1446,23929
1447,entry_1447,16716
1448,entry_1448,12941
1449,entry_1449,19816
1450,entry_1450,8
1451,entry_1451,7166
1452,entry_1452,25205
1453,entry_1453,27141
1454,entry_1454,22430
1455,entry_1455,1625
1456,entry_1456,2743
1457,entry_1457,9367
1458,entry_1458,3576
1459,entry_1459,5090
1460,entry_1460,32490
1461,entry_1461,9313
1462,entry_1462,18485
1463,entry_1463,7097
1464,entry_1464,32731
1465,entry_1465,4511
1466,entry_1466,13964
1467,entry_1467,12923
1468,entry_1468,19134
1469,entry_1469,2723
1470,entry_1470,25823
1471,entry_1471,9034
1472,entry_1472,19816
1473,entry_1473,7775
1474,entry_1474,4539
1475,entry_1475,5883
1476,entry_1476,14537
1477,entry_1477,7916
1478,entry_1478,11945
1479,entry_1479,22399
1480,entry_1480,25023
1481,entry_1481,24090
1482,entry_1482,15021
1483,entry_1483,19848
1484,entry_1484,9149
1485,entry_1485,5376
1486,entry_1486,18582
1487,entry_1487,23889
1488,entry_1488,12079
1489,entry_1489,6160
1490,entry_1490,19813
1491,entry_1491,3625
1492,entry_1492,32514
1493,entry_1493,15438
1494,entry_1494,8493
1495,entry_1495,9588
1496,entry_1496,25634
1497,entry_1497,19999
1498,entry_1498,11867
1499,entry_1499,1625
1500,entry_1500,872
1501,entry_1501,14542
1502,entry_1502,8285
1503,entry_1503,29281
1504,entry_1504,24773
1505,entry_1505,27980
1506,entry_1506,26217
1507,entry_1507,26975
1508,entry_1508,13319
1509,entry_1509,28239
1510,entry_1510,11158
1511,entry_1511,27381
1512,entry_1512,18154
1513,entry_1513,31432
1514,entry_1514,8602
1515,entry_1515,31169
1516,entry_1516,8358
1517,entry_1517,29312
1518,entry_1518,15007
1519,entry_1519,21200
1520,entry_1520,17703
1521,entry_1521,59
1522,entry_1522,463
1523,entry_1523,4774
1524,entry_1524,6258
1525,entry_1525,13894
1526,entry_1526,32242
1527,entry_1527,6428
1528,entry_1528,25904
1529,entry_1529,30522
1530,entry_1530,21243
1531,entry_1531,1558
1532,entry_1532,21441
1533,entry_1533,23584
1534,entry_1534,31107
1535,entry_1535,3290
1536,entry_1536,5556
1537,entry_1537,10466
1538,entry_1538,10233
1539,entry_1539,20537
1540,entry_1540,30981
1541,entry_1541,25486
1542,entry_1542,29032
1543,entry_1543,28102
1544,entry_1544,28901
1545,entry_1545,4762
1546,entry_1546,8747
1547,entry_1547,10347
1548,entry_1548,15380
1549,entry_1549,4193
1550,entry_1550,27890
1551,entry_1551,31987
1552,entry_1552,29715
1553,entry_1553,4468
1554,entry_1554,24025
1555,entry_1555,21058
1556,entry_1556,18821
1557,entry_1557,28224
1558,entry_1558,10383
1559,entry_1559,31319
1560,entry_1560,29417
1561,entry_1561,11552
1562,entry_1562,5156
1563,entry_1563,10796
1564,entry_1564,28875
1565,entry_1565,7337
1566,entry_1566,9207
1567,entry_1567,6445
1568,entry_1568,29260
1569,entry_1569,12394
1570,entry_1570,28919
1571,entry_1571,31383
1572,entry_1572,27617
1573,entry_1573,32503
1574,entry_1574,14139
1575,entry_1575,22640
1576,entry_1576,15485
1577,entry_1577,7845
1578,entry_1578,17579
1579,entry_1579,10702
1580,entry_1580,21055
1581,entry_1581,18560
1582,entry_1582,5696
1583,entry_1583,16515
1584,entry_1584,6987
1585,entry_1585,3169
1586,entry_1586,24913
1587,entry_1587,23951
1588,entry_1588,15949
1589,entry_1589,2458
1590,entry_1590,6263
1591,entry_1591,19457
1592,entry_1592,3637
1593,entry_1593,6365
1594,entry_1594,25778
1595,entry_1595,6636
1596,entry_1596,24521
1597,entry_1597,29629
1598,entry_1598,1418
1599,entry_1599,21528
1600,entry_1600,25794
1601,entry_1601,1963
1602,entry_1602,22880
1603,entry_1603,943
1604,entry_1604,9244
1605,entry_1605,8690
1606,entry_1606,16095
1607,entry_1607,23709
1608,entry_1608,10590
1609,entry_1609,1356
1610,entry_1610,5234
1611,entry_1611,10547
1612,entry_1612,19172
1613,entry_1613,30509
1614,entry_1614,10658
1615,entry_1615,19912
1616,entry_1616,26837
1617,entry_1617,22248
1618,entry_1618,32643
1619,entry_1619,20365
1620,entry_1620,26673
1621,entry_1621,137
1622,entry_1622,9941
1623,entry_1623,30274
1624,entry_1624,2203
1625,entry_1625,22801
1626,entry_1626,11443
1627,entry_1627,28636
1628,entry_1628,431
1629,entry_1629,27947
1630,entry_1630,15436
1631,entry_1631,22088
1632,entry_1632,28112
1633,entry_1633,23597
1634,entry_1634,21474
1635,entry_1635,2233
1636,entry_1636,14878
1637,entry_1637,24609
1638,entry_1638,25443
1639,entry_1639,6374
1640,entry_1640,14134
1641,entry_1641,18119
1642,entry_1642,12033
1643,entry_1643,8029
1644,entry_1644,7180
1645,entry_1645,30853
1646,entry_1646,24964
1647,entry_1647,23312
1648,entry_1648,24425
1649,entry_1649,1018
1650,entry_1650,28633
1651,entry_1651,20974
1652,entry_1652,5445
1653,entry_1653,27246
1654,entry_1654,28377
1655,entry_1655,12874
1656,entry_1656,2905
1657,entry_1657,5686
1658,entry_1658,2070
1659,entry_1659,22935
1660,entry_1660,23673
1661,entry_1661,25986
1662,entry_1662,22249
1663,entry_1663,28677
1664,entry_1664,18647
1665,entry_1665,8965
1666,entry_1666,18954
1667,entry_1667,14707
1668,entry_1668,4326
1669,entry_1669,30483
1670,entry_1670,15817
1671,entry_1671,23826
1672,entry_1672,2172
1673,entry_1673,22517
1674,entry_1674,31652
1675,entry_1675,10573
1676,entry_1676,11777
1677,entry_1677,15178
1678,entry_1678,5792
1679,entry_1679,26114
1680,entry_1680,313
1681,entry_1681,12686
1682,entry_1682,6928
1683,entry_1683,32051
1684,entry_1684,19007
1685,entry_1685,28844
1686,entry_1686,29486
1687,entry_1687,32064
1688,entry_1688,7831
1689,entry_1689,31122
1690,entry_1690,20960
1691,entry_1691,26283
1692,entry_1692,12695
1693,entry_1693,11409
1694,entry_1694,13655
1695,entry_1695,10782
1696,entry_1696,30571
1697,entry_1697,17705
1698,entry_1698,20395
1699,entry_1699,17830
1700,entry_1700,12053
1701,entry_1701,7411
1702,entry_1702,8085
1703,entry_1703,24929
1704,entry_1704,10643
1705,entry_1705,27644
1706,entry_1706,22493
1707,entry_1707,29071
1708,entry_1708,103
1709,entry_1709,5195
1710,entry_1710,273
1711,entry_1711,30764
1712,entry_1712,27020
1713,entry_1713,13457
1714,entry_1714,25631
1715,entry_1715,5526
1716,entry_1716,30150
1717,entry_1717,13521
1718,entry_1718,3842
1719,entry_1719,16430
1720,entry_1720,19411
1721,entry_1721,25630
1722,entry_1722,21432
1723,entry_1723,29449
1724,entry_1724,3023
1725,entry_1725,26633
1726,entry_1726,97
1727,entry_1727,380
1728,entry_1728,13052
1729,entry_1729,9336
1730,entry_1730,10735
1731,entry_1731,16134
1732,entry_1732,21097
1733,entry_1733,7052
1734,entry_1734,7942
1735,entry_1735,763
1736,entry_1736,15892
1737,entry_1737,29346
1738,entry_1738,4931
1739,entry_1739,15835
1740,entry_1740,29706
1741,entry_1741,3403
1742,entry_1742,8776
1743,entry_1743,732
1744,entry_1744,31444
1745,entry_1745,19446
1746,entry_1746,25231
1747,entry_1747,22041
1748,entry_1748,23252
1749,entry_1749,16554
1750,entry_1750,13019
1751,entry_1751,11627
1752,entry_1752,11700
1753,entry_1753,25650
1754,entry_1754,16020
1755,entry_1755,3980
1756,entry_1756,11743
1757,entry_1757,19387
1758,entry_1758,28594
1759,entry_1759,12531
1760,entry_1760,13647
1761,entry_1761,18227
1762,entry_1762,29636
1763,entry_1763,23589
1764,entry_1764,13909
1765,entry_1765,25151
1766,entry_1766,12754
1767,entry_1767,2521
1768,entry_1768,14715
1769,entry_1769,23324
1770,entry_1770,11274
1771,entry_1771,24272
1772,entry_1772,4430
1773,entry_1773,1325
1774,entry_1774,21063
1775,entry_1775,24453
1776,entry_1776,26180
1777,entry_1777,2322
1778,entry_1778,2105
1779,entry_1779,26777
1780,entry_1780,27695
1781,entry_1781,15684
1782,entry_1782,27382
1783,entry_1783,23381
1784,entry_1784,27951
1785,entry_1785,18533
1786,entry_1786,23312
1787,entry_1787,10954
1788,entry_1788,17123
1789,entry_1789,32107
1790,entry_1790,8469
1791,entry_1791,5004
1792,entry_1792,28534
1793,entry_1793,26684
1794,entry_1794,7529
1795,entry_1795,6666
1796,entry_1796,21074
1797,entry_1797,1389
1798,entry_1798,12212
1799,entry_1799,15429
1800,entry_1800,29329
1801,entry_1801,31639
1802,entry_1802,12309
1803,entry_1803,13887
1804,entry_1804,17845
1805,entry_1805,18437
1806,entry_1806,3374
1807,entry_1807,5372
1808,entry_1808,18635
1809,entry_1809,15894
1810,entry_1810,8244
1811,entry_1811,26422
1812,entry_1812,26150
1813,entry_1813,31159
1814,entry_1814,24427
1815,entry_1815,173
1816,entry_1816,436
1817,entry_1817,23358
1818,entry_1818,25111
1819,entry_1819,31688
1820,entry_1820,23652
1821,entry_1821,2125
1822,entry_1822,1596
1823,entry_1823,31187
1824,entry_1824,1230
1825,entry_1825,16004
1826,entry_1826,997
1827,entry_1827,15821
1828,entry_1828,14141
1829,entry_1829,17885
1830,entry_1830,20203
1831,entry_1831,18582
1832,entry_1832,5814
1833,entry_1833,31052
1834,entry_1834,13866
1835,entry_1835,4021
1836,entry_1836,32382
1837,entry_1837,18679
1838,entry_1838,7171
1839,entry_1839,16055
1840,entry_1840,821
1841,entry_1841,28310
1842,entry_1842,23835
1843,entry_1843,23749
1844,entry_1844,17061
1845,entry_1845,19915
1846,entry_1846,8537
1847,entry_1847,20750
1848,entry_1848,5165
1849,entry_1849,2655
1850,entry_1850,10611
1851,entry_1851,21553
1852,entry_1852,13512
1853,entry_1853,16528
1854,entry_1854,1516
1855,entry_1855,4494
1856,entry_1856,14069
1857,entry_1857,20693
1858,entry_1858,31539
1859,entry_1859,27517
1860,entry_1860,12353
1861,entry_1861,20347
1862,entry_1862,9265
1863,entry_1863,7378
1864,entry_1864,17027
1865,entry_1865,4689
1866,entry_1866,3728
1867,entry_1867,26821
1868,entry_1868,352
1869,entry_1869,8307
1870,entry_1870,19788
1871,entry_1871,7937
1872,entry_1872,31834
1873,entry_1873,396
1874,entry_1874,16521
1875,entry_1875,14575
1876,entry_1876,26269
1877,entry_1877,7937
1878,entry_1878,1892
1879,entry_1879,17220
1880,entry_1880,22044
1881,entry_1881,23518
1882,entry_1882,8195
1883,entry_1883,31288
1884,entry_1884,2031
1885,entry_1885,2090
1886,entry_1886,25233
1887,entry_1887,16982
1888,entry_1888,10900
1889,entry_1889,11486
1890,entry_1890,549
1891,entry_1891,21546
1892,entry_1892,22595
1893,entry_1893,15549
1894,entry_1894,30362
1895,entry_1895,4493
1896,entry_1896,4043
1897,entry_1897,2089
1898,entry_1898,21600
1899,entry_1899,4728
1900,entry_1900,4384
1901,entry_1901,14506
1902,entry_1902,31803
1903,entry_1903,31810
1904,entry_1904,26679
1905,entry_1905,28907
1906,entry_1906,4551
1907,entry_1907,21561
1908,entry_1908,19078
1909,entry_1909,4657
1910,entry_1910,16303
1911,entry_1911,22817
1912,entry_1912,7425
1913,entry_1913,12637
1914,entry_1914,21427
1915,entry_1915,31823
1916,entry_1916,20738
1917,entry_1917,26339
1918,entry_1918,8714
1919,entry_1919,31318
1920,entry_1920,4898
1921,entry_1921,30041
1922,entry_1922,2232
1923,entry_1923,22437
1924,entry_1924,11933
1925,entry_1925,29051
1926,entry_1926,7717
1927,entry_1927,28714
1928,entry_1928,12571
1929,entry_1929,6968
1930,entry_1930,26379
1931,entry_1931,8953
1932,entry_1932,2859
1933,entry_1933,32589
1934,entry_1934,28413
1935,entry_1935,27003
1936,entry_1936,15442
1937,entry_1937,26300
1938,entry_1938,23453
1939,entry_1939,2674
1940,entry_1940,21568
1941,entry_1941,6327
1942,entry_1942,22792
1943,entry_1943,958
1944,entry_1944,7382
1945,entry_1945,30522
1946,entry_1946,11710
1947,entry_1947,23612
1948,entry_1948,29939
1949,entry_1949,15550
1950,entry_1950,18496
1951,entry_1951,22128
1952,entry_1952,29157
1953,entry_1953,27621
1954,entry_1954,16573
1955,entry_1955,14471
1956,entry_1956,20563
1957,entry_1957,2684
1958,entry_1958,2612
1959,entry_1959,23042
1960,entry_1960,19950
1961,entry_1961,29903
1962,entry_1962,23954
1963,entry_1963,15408
1964,entry_1964,21600
1965,entry_1965,29771
1966,entry_1966,13960
1967,entry_1967,18572
1968,entry_1968,31288
1969,entry_1969,1287
1970,entry_1970,27458
1971,entry_1971,31720
1972,entry_1972,25735
1973,entry_1973,15291
1974,entry_1974,15465
1975,entry_1975,10285
1976,entry_1976,3765
1977,entry_1977,771
1978,entry_1978,532
1979,entry_1979,26482
1980,entry_1980,1445
1981,entry_1981,2991
1982,entry_1982,955
1983,entry_1983,31125
1984,entry_1984,2030
1985,entry_1985,1790
1986,entry_1986,6829
1987,entry_1987,23901
1988,entry_1988,17971
1989,entry_1989,2002
1990,entry_1990,168
1991,entry_1991,24015
1992,entry_1992,19029
1993,entry_1993,31546
1994,entry_1994,22447
1995,entry_1995,23115
1996,entry_1996,31327
1997,entry_1997,27762
1998,entry_1998,17106
1999,entry_1999,5232
2000,entry_2000,8217
2001,entry_2001,32607
2002,entry_2002,12744
2003,entry_2003,13368
2004,entry_2004,11768
2005,entry_2005,25059
2006,entry_2006,31813
2007,entry_2007,12535
2008,entry_2008,16672
2009,entry_2009,4043
2010,entry_2010,13220
2011,entry_2011,20317
2012,entry_2012,30721
2013,entry_2013,17479
2014,entry_2014,24627
2015,entry_2015,16789
2016,entry_2016,29424
2017,entry_2017,6006
2018,entry_2018,31294
2019,entry_2019,14416
2020,entry_2020,27015
2021,entry_2021,25203
2022,entry_2022,15707
2023,entry_2023,29362
2024,entry_2024,31726
2025,entry_2025,6274
2026,entry_2026,29874
2027,entry_2027,18425
2028,entry_2028,13316
2029,entry_2029,14074
2030,entry_2030,6219
2031,entry_2031,9621
2032,entry_2032,18081
2033,entry_2033,20898
2034,entry_2034,17579
2035,entry_2035,7915
2036,entry_2036,17528
2037,entry_2037,6258
2038,entry_2038,6077
2039,entry_2039,27210
2040,entry_2040,27697
2041,entry_2041,20939
2042,entry_2042,32263
2043,entry_2043,5631
2044,entry_2044,28402
2045,entry_2045,1175
2046,entry_2046,10611
2047,entry_2047,21670
2048,entry_2048,26991
2049,entry_2049,3179
2050,entry_2050,15341
2051,entry_2051,2622
2052,entry_2052,12266
2053,entry_2053,11691
2054,entry_2054,29883
2055,entry_2055,14260
2056,entry_2056,5514
2057,entry_2057,1854
2058,entry_2058,5488
2059,entry_2059,6322
2060,entry_2060,23053
2061,entry_2061,22212
2062,entry_2062,30119
2063,entry_2063,23446
2064,entry_2064,28487
2065,entry_2065,18782
2066,entry_2066,4754
2067,entry_2067,23261
2068,entry_2068,2388
2069,entry_2069,31509
2070,entry_2070,3647
2071,entry_2071,14838
2072,entry_2072,5554
2073,entry_2073,4928
2074,entry_2074,1738
2075,entry_2075,4807
2076,entry_2076,26361
2077,entry_2077,8824
2078,entry_2078,17737
2079,entry_2079,26426
2080,entry_2080,11264
2081,entry_2081,5413
2082,entry_2082,2640
2083,entry_2083,11057
2084,entry_2084,25234
2085,entry_2085,11861
2086,entry_2086,14437
2087,entry_2087,27787
2088,entry_2088,11241
2089,entry_2089,31002
2090,entry_2090,10372
2091,entry_2091,29125
2092,entry_2092,6306
2093,entry_2093,1770
2094,entry_2094,4688
2095,entry_2095,22741
2096,entry_2096,10440
2097,entry_2097,32194
2098,entry_2098,11931
2099,entry_2099,1562
2100,entry_2100,15925
2101,entry_2101,4084
2102,entry_2102,17495
2103,entry_2103,6881
2104,entry_2104,19625
2105,entry_2105,9053
2106,entry_2106,28502
2107,entry_2107,25659
2108,entry_2108,24743
2109,entry_2109,19832
2110,entry_2110,8945
2111,entry_2111,15152
2112,entry_2112,17769
2113,entry_2113,32714
2114,entry_2114,24222
2115,entry_2115,17289
2116,entry_2116,6485
2117,entry_2117,14450
2118,entry_2118,25163
2119,entry_2119,24813
2120,entry_2120,13296
2121,entry_2121,15047
2122,entry_2122,3944
2123,entry_2123,19602
2124,entry_2124,26399
2125,entry_2125,21498
2126,entry_2126,2328
2127,entry_2127,11324
2128,entry_2128,28024
2129,entry_2129,462
2130,entry_2130,27366
2131,entry_2131,27580
2132,entry_2132,26501
2133,entry_2133,19109
2134,entry_2134,6641
2135,entry_2135,12530
2136,entry_2136,10066
2137,entry_2137,29572
2138,entry_2138,20483
2139,entry_2139,18393
2140,entry_2140,10678
2141,entry_2141,6439
2142,entry_2142,20127
2143,entry_2143,19484
2144,entry_2144,26344
2145,entry_2145,5056
2146,entry_2146,20329
2147,entry_2147,18978
2148,entry_2148,19631
2149,entry_2149,6668
2150,entry_2150,27630
2151,entry_2151,16622
2152,entry_2152,13313
2153,entry_2153,32682
2154,entry_2154,7125
2155,entry_2155,1200
2156,entry_2156,7421
2157,entry_2157,30978
2158,entry_2158,12750
2159,entry_2159,28747
2160,entry_2160,16747
2161,entry_2161,10285
2162,entry_2162,31828
2163,entry_2163,7708
2164,entry_2164,25855
2165,entry_2165,26503
2166,entry_2166,8595
2167,entry_2167,5988
2168,entry_2168,27644
2169,entry_2169,9520
2170,entry_2170,2772
2171,entry_2171,1916
2172,entry_2172,9192
2173,entry_2173,12669
2174,entry_2174,10910
2175,entry_2175,13702
2176,entry_2176,17397
2177,entry_2177,16209
2178,entry_2178,19339
2179,entry_2179,6538
2180,entry_2180,12556
2181,entry_2181,31369
2182,entry_2182,30009
2183,entry_2183,12226
2184,entry_2184,18604
2185,entry_2185,28847
2186,entry_2186,27421
2187,entry_2187,13899
2188,entry_2188,13458
2189,entry_2189,22849
2190,entry_2190,16480
2191,entry_2191,139
2192,entry_2192,2089
2193,entry_2193,8403
2194,entry_2194,8409
2195,entry_2195,373
2196,entry_2196,23721
2197,entry_2197,17710
2198,entry_2198,1741
2199,entry_2199,16316
2200,entry_2200,16221
2201,entry_2201,15696
2202,entry_2202,8185
2203,entry_2203,13333
2204,entry_2204,28718
2205,entry_2205,12476
2206,entry_2206,16999
2207,entry_2207,27666
2208,entry_2208,29606
2209,entry_2209,8484
2210,entry_2210,18245
2211,entry_2211,20474
2212,entry_2212,1179
2213,entry_2213,29189
2214,entry_2214,22389
2215,entry_2215,9026
2216,entry_2216,17449
2217,entry_2217,22591
2218,entry_2218,18718
2219,entry_2219,14300
2220,entry_2220,17126
2221,entry_2221,2831
2222,entry_2222,26787
2223,entry_2223,3866
2224,entry_2224,474
2225,entry_2225,2378
2226,entry_2226,14029
2227,entry_2227,2776
2228,entry_2228,13640
2229,entry_2229,24064
2230,entry_2230,7494
2231,entry_2231,10914
2232,entry_2232,8351
2233,entry_2233,13601
2234,entry_2234,3799
2235,entry_2235,28791
2236,entry_2236,27688
2237,entry_2237,6755
2238,entry_2238,15844
2239,entry_2239,19149
2240,entry_2240,17386
2241,entry_2241,21295
2242,entry_2242,21262
2243,entry_2243,28417
2244,entry_2244,19667
2245,entry_2245,21003
2246,entry_2246,25410
2247,entry_2247,29902
2248,entry_2248,15709
2249,entry_2249,3237
2250,entry_2250,30783
2251,entry_2251,9399
2252,entry_2252,2174
2253,entry_2253,28994
2254,entry_2254,16477
2255,entry_2255,11201
2256,entry_2256,22951
2257,entry_2257,22988
2258,entry_2258,6190
2259,entry_2259,17885
2260,entry_2260,4804
2261,entry_2261,28033
2262,entry_2262,18659
2263,entry_2263,8694
2264,entry_2264,31238
2265,entry_2265,2431
2266,entry_2266,11809
2267,entry_2267,8771
2268,entry_2268,15034
2269,entry_2269,31921
2270,entry_2270,25755
2271,entry_2271,205
2272,entry_2272,10676
2273,entry_2273,19447
2274,entry_2274,3348
2275,entry_2275,949
2276,entry_2276,22607
2277,entry_2277,9953
2278,entry_2278,15527
2279,entry_2279,2764
2280,entry_2280,27371
2281,entry_2281,21226
2282,entry_2282,21080
2283,entry_2283,10778
2284,entry_2284,31473
2285,entry_2285,24491
2286,entry_2286,3083
2287,entry_2287,30503
2288,entry_2288,17652
2289,entry_2289,24967
2290,entry_2290,23024
2291,entry_2291,8572
2292,entry_2292,11550
2293,entry_2293,26207
2294,entry_2294,3301
2295,entry_2295,11738
2296,entry_2296,8276
2297,entry_2297,1914
2298,entry_2298,18521
2299,entry_2299,1572
2300,entry_2300,15655
2301,entry_2301,28008
2302,entry_2302,12382
2303,entry_2303,25856
2304,entry_2304,22996
2305,entry_2305,18406
2306,entry_2306,2785
2307,entry_2307,16235
2308,entry_2308,21223
2309,entry_2309,6820
2310,entry_2310,16321
2311,entry_2311,23810
2312,entry_2312,29385
2313,entry_2313,22104
2314,entry_2314,16014
2315,entry_2315,25775
2316,entry_2316,14576
2317,entry_2317,17265
2318,entry_2318,5616
2319,entry_2319,23458
2320,entry_2320,28635
2321,entry_2321,1204
2322,entry_2322,8501
2323,entry_2323,7376
2324,entry_2324,9520
2325,entry_2325,604
2326,entry_2326,22319
2327,entry_2327,27127
2328,entry_2328,11194
2329,entry_2329,10446
2330,entry_2330,4081
2331,entry_2331,30019
2332,entry_2332,8239
2333,entry_2333,27349
2334,entry_2334,8469
2335,entry_2335,27674
2336,entry_2336,10432
2337,entry_2337,26248
2338,entry_2338,28386
2339,entry_2339,11175
2340,entry_2340,32186
2341,entry_2341,22034
2342,entry_2342,19429
2343,entry_2343,25409
2344,entry_2344,29353
2345,entry_2345,15632
2346,entry_2346,15767
2347,entry_2347,16777
2348,entry_2348,9402
2349,entry_2349,121
2350,entry_2350,8714
2351,entry_2351,3241
2352,entry_2352,27988
2353,entry_2353,5813
2354,entry_2354,8998
2355,entry_2355,11132
2356,entry_2356,22681
2357,entry_2357,476
2358,entry_2358,9988
2359,entry_2359,20456
2360,entry_2360,12830
2361,entry_2361,29887
2362,entry_2362,20575
2363,entry_2363,26558
2364,entry_2364,25490
2365,entry_2365,26651
2366,entry_2366,24529
2367,entry_2367,4300
2368,entry_2368,13031
2369,entry_2369,12010
2370,entry_2370,27609
2371,entry_2371,7907
2372,entry_2372,6880
2373,entry_2373,13560
2374,entry_2374,9713
2375,entry_2375,11576
2376,entry_2376,2420
2377,entry_2377,21694
2378,entry_2378,10387
2379,entry_2379,7650
2380,entry_2380,13327
2381,entry_2381,8988
2382,entry_2382,3577
2383,entry_2383,31664
2384,entry_2384,31194
2385,entry_2385,175
2386,entry_2386,8264
2387,entry_2387,6571
2388,entry_2388,22821
2389,entry_2389,22886
2390,entry_2390,7262
2391,entry_2391,30987
2392,entry_2392,20600
2393,entry_2393,28781
2394,entry_2394,6016
2395,entry_2395,12968
2396,entry_2396,22130
2397,entry_2397,1319
2398,entry_2398,21586
2399,entry_2399,15468
2400,entry_2400,9702
2401,entry_2401,13896
2402,entry_2402,19817
2403,entry_2403,1678
2404,entry_2404,23513
2405,entry_2405,5990
2406,entry_2406,31001
2407,entry_2407,3704
2408,entry_2408,20012
2409,entry_2409,19558
2410,entry_2410,25161
2411,entry_2411,13195
2412,entry_2412,31156
2413,entry_2413,4125
2414,entry_2414,3981
2415,entry_2415,3813
2416,entry_2416,29037
2417,entry_2417,21983
2418,entry_2418,4602
2419,entry_2419,19249
2420,entry_2420,145
2421,entry_2421,19073
2422,entry_2422,29797
2423,entry_2423,30403
2424,entry_2424,8301
2425,entry_2425,11733
2426,entry_2426,24544
2427,entry_2427,3412
2428,entry_2428,17018
2429,entry_2429,7375
2430,entry_2430,25664
2431,entry_2431,1057
2432,entry_2432,32328
2433,entry_2433,12509
2434,entry_2434,13072
2435,entry_2435,23054
2436,entry_2436,30738
2437,entry_2437,16241
2438,entry_2438,4786
2439,entry_2439,11042
2440,entry_2440,25574
2441,entry_2441,10874
2442,entry_2442,31587
2443,entry_2443,1012
2444,entry_2444,9405
2445,entry_2445,31202
2446,entry_2446,10155
2447,entry_2447,27998
2448,entry_2448,26621
2449,entry_2449,13944
2450,entry_2450,20230
2451,entry_2451,28032
2452,entry_2452,12269
2453,entry_2453,17648
2454,entry_2454,25237
2455,entry_2455,30164
2456,entry_2456,6362
2457,entry_2457,5636
2458,entry_2458,19497
2459,entry_2459,25375
2460,entry_2460,4223
2461,entry_2461,30004
2462,entry_2462,19893
2463,entry_2463,21039
2464,entry_2464,9268
2465,entry_2465,19362
2466,entry_2466,13468
2467,entry_2467,4189
2468,entry_2468,13327
2469,entry_2469,758
2470,entry_2470,30204
2471,entry_2471,22249
2472,entry_2472,14031
2473,entry_2473,6515
2474,entry_2474,26761
2475,entry_2475,22169
2476,entry_2476,13573
2477,entry_2477,3249
2478,entry_2478,22033
2479,entry_2479,6237
2480,entry_2480,26758
2481,entry_2481,32533
2482,entry_2482,25558
2483,entry_2483,5507
2484,entry_2484,18894
2485,entry_2485,17558
2486,entry_2486,5108
2487,entry_2487,12870
2488,entry_2488,30248
2489,entry_2489,29580
2490,entry_2490,14171
2491,entry_2491,15344
2492,entry_2492,24339
2493,entry_2493,6914
2494,entry_2494,6920
2495,entry_2495,12490
2496,entry_2496,20840
2497,entry_2497,7422
2498,entry_2498,27903
2499,entry_2499,31159
2500,entry_2500,20481
